ring,rung1_class,status,abs_delta_d13c,abs_delta_d15n,normalised_d13c_Breast,normalised_d13c_Primary,normalised_d15n_Breast,normalised_d15n_Primary
04258275,migrant,AU migrant,2.34252609727165,2.1295535429301,-24.7783096085409,-22.4357835112693,10.2217622885413,8.09220874561123
CP16140,migrant,NI migrant,3.73258292866777,5.14948978694289,-21.5316150652432,-17.7990321365754,10.2436446696457,15.3931344565886
CP16409,resident,resident,0.419628997775433,0.165063669680752,-22.3942241992883,-21.9745952015128,12.7790169166933,12.944080586374
CP16446,migrant,AU migrant,5.27357020360734,2.81905445141117,-15.4022577127146,-20.6758279163219,11.2253930192501,14.0444474706613
CP16461,resident,resident,9.79159079163444,2.13252714591879,-24.2775705812574,-14.485979789623,9.53644589849984,11.6689730444186
CP16470,resident,resident,5.60258944031524,2.96129934714754,-20.1855223087705,-14.5829328684553,11.8090707413693,14.7703700885168
CP16501,resident,resident,0.360101714614668,1.57319696934521,-14.3823997627521,-14.7425014773667,13.3340336737951,11.7608367044499
CP16507,resident,resident,0.746598924632444,0.890326121071482,-23.0949341161739,-22.3483351915414,12.4186358248271,13.3089619458985
CP16529,migrant,AU migrant,7.28057026356222,6.88578043016782,-15.7312208958752,-23.0117911594374,14.3719613890335,7.4861809588657
CP16533,migrant,AU migrant,0.250199742936754,6.96589251086599,-24.042665172555,-23.7924654296182,10.4110709464009,3.44517843553491
CP16534,migrant,AU migrant,12.6100987178653,7.42895901270985,-10.2603025349417,-22.870401252807,10.5236576148647,3.09469860215485
CP16536,migrant,SI migrant,7.14057834792763,7.88080228107603,-15.617931624941,-22.758509972868598,13.6422268824368,5.76142460136077
CP16543,resident,resident,2.24364828570254,1.05638617877888,-14.0446412953552,-16.2882895810577,12.7463740136981,11.6899878349192
CP16609,migrant,SI migrant,4.7882718165477,2.24541869598399,-22.738304318616,-17.9500325020683,12.0726227186834,14.3180414146674
CP16627,resident,resident,1.55293807744233,0.22950341869115,-21.2924562087123,-22.8453942861546,13.9967809700958,13.7672775514046
CP16628,resident,resident,0.442503828131272,2.33305913089867,-21.5199033671861,-21.9624071953173,14.3500364670151,12.0169773361164
CP16641,migrant,SI migrant,2.92232918149466,3.20576883179061,-12.6632633451957,-15.5855925266904,14.7772761729971,11.5715073412065
CP16642,migrant,AU migrant,1.1355577689944,0.941924566724488,-17.8242892043911,-18.9598469733855,11.7215509413972,12.6634755081217
CP16643,migrant,AU migrant,1.76900502981245,4.39295002010496,-24.2527181048461,-22.4837130750336,8.30492445178543,12.6978744718904
CP16652,resident,resident,2.35164887307236,0.696257580593681,-14.09959371293,-16.4512425860024,13.3877449728695,12.6914873922758
CP16655,migrant,AU migrant,2.35607704062864,3.66385717238488,-24.7559366505141,-22.3998596098855,7.8216830215885,4.15782584920362
CP16656,migrant,AU migrant,1.67472055504686,8.70748405573301,-21.9086897983393,-23.5834103533861,12.5950059846792,3.88752192894621
CP16667,migrant,AU migrant,5.91318471701446,3.10501234723678,-16.9847442701969,-22.8979289872113,9.53620500785815,6.43119266062136
CP16693,migrant,SI migrant,0.419016491913609,0.409755473406777,-23.9903077104457,-23.5712912185321,10.3932300598609,9.98347458645412
CP16784,resident,resident,2.82476331722566,2.443969003272,-17.7753149745893,-20.600078291815,12.4697845155605,10.0258155122885
CP16815,migrant,AU migrant,10.6170610270126,6.95364935241395,-11.5019399887621,-22.1190010157748,10.336486782594,3.38283743018004
CP16906,resident,resident,2.85303838046281,2.11958320868722,-16.5028394162731,-13.6498010358103,13.1400023297407,15.259585538427901
CP16938,migrant,NI migrant,12.8018736718596,9.02024736391264,-11.7732858837485,-24.5751595556081,13.0505573731248,4.03031000921216
CP16945,migrant,NI migrant,12.8841908227871,8.24366644856944,-11.7238269708072,-24.6080177935943,13.2076893499419,4.96402290137249
CP16953,migrant,NI migrant,13.6047388015601,12.5194192333881,-11.1905850372296,-24.7953238387897,18.6186586293908,6.09923939600272
CP16958,migrant,NI migrant,8.01722634096787,3.30349516205102,-15.333309301501,-23.3505356424689,15.8617503104097,12.5582551483587
CP16990,migrant,NI migrant,8.76011464365914,2.78286978812032,-12.5570174920222,-21.3171321356814,13.8936712460448,11.1108014579245
CP17010,resident,resident,2.88400320425209,2.06384071687458,-20.7990391206713,-23.6830423249234,8.32593463371651,6.26209391684193
CP17011,migrant,SI migrant,5.78400679955261,5.40570984338694,-16.8007345467439,-22.5847413462965,13.2755885769215,7.86987873353459
CP19311,migrant,SI migrant,0.69429165028065,2.69712627401333,-22.5401886120996,-23.2344802623803,8.16879707947654,5.47167080546321
CP19312,migrant,AU migrant,2.60278818601131,8.24326336018024,-20.1365264153173,-22.7393146013286,15.7489177714583,7.50565441127808
CP19314,migrant,AU migrant,1.8097908048694,5.22424640525494,-20.9353793877792,-22.7451701926486,9.11276685224496,3.88852044699003
CP19327,migrant,SI migrant,0.337071884144162,4.15366347685232,-14.7462971530249,-14.4092252688807,14.2859172518353,10.132253774983
CP19340,migrant,AU migrant,1.00083855336249,9.07153642808507,-23.1370222195958,-24.1378607729583,12.2141638963432,3.1426274682581
CP19346,resident,resident,2.20171399399631,2.49833158597948,-23.6106784068077,-21.4089644128114,11.4762590619618,13.9745906479413
CP19350,migrant,SI migrant,2.58153793138503,5.05461358705509,-22.9932864768683,-20.4117485454833,10.2356874401532,15.2903010272083
CP19360,migrant,SI migrant,3.14224544778299,0.65809078307328,-15.6494167356104,-12.5071712878275,9.64897104177514,8.99088025870186
CP19361,resident,resident,4.70319036013115,1.035510410377,-13.9185362373694,-18.6217265975006,13.103579897515,12.068069487138
CP19365,migrant,AU migrant,0.515467673994461,7.34254354835078,-23.3101243339637,-22.7946566599693,11.322927655372,3.98038410702127
CP19366,migrant,AU migrant,10.3618603002009,8.03008210838307,-13.6699580427845,-24.0318183429855,10.7163868306164,2.68630472223335
CP19368,migrant,AU migrant,0.210619421711499,8.09143695958509,-23.9349596678529,-23.7243402461414,11.5187906958187,3.42735373623361
CP19371,resident,resident,5.87172083678052,1.88719910281572,-12.4035084505378,-18.2752292873183,13.4932655104738,11.6060664076581
CP19907,resident,resident,1.96078988199713,2.67945397070318,-22.1134454329775,-24.0742353149746,11.3039454995212,8.62449152881804
CP19908,resident,resident,2.51246114290634,2.08794298061695,-17.4723366032384,-19.9847977461447,10.1721944967357,8.08425151611874
CP19915,migrant,SI migrant,3.65685286128259,4.63470452430339,-26.9150664294187,-23.2582135681362,11.5217746568784,6.887070132575
CP19921,resident,resident,1.59952669039146,1.13191589530801,-23.3146109134045,-21.715084223013,8.23046560804341,7.0985497127354
CP19922,resident,resident,0.066900355871887,0.638567666773061,-24.0930877817319,-24.02618742586,5.26440831471433,5.90297598148739
CP19923,resident,resident,1.33333317588775,0.550747558625456,-24.2471613285884,-22.9138281527006,7.4476731567188,7.99842071534426
CP19931,migrant,NI migrant,9.47022874904734,4.35566339117828,-13.1476905276339,-22.6179192766812,14.4329986737513,10.077335282573
CP19983,resident,resident,5.62832821179529,3.78538190411343,-19.0124766576055,-24.6408048694008,12.5227059718829,8.73732406776946
CP9059,resident,resident,3.5198249707976,2.26931987450378,-18.0455411184568,-14.5257161476591,12.5936658463559,14.8629857208597
